{
    "domain_ids": {
        "amazon_review_2018_1m": 0,
        "cMedQA2": 1,
        "dureader": 2,
        "eli5_question_answer": 3,
        "fever": 4,
        "fiqa": 5,
        "gooaq_pairs": 6,
        "hotpotqa": 7,
        "msmarco": 8,
        "nfcorpus": 9,
        "npr": 10,
        "nq": 11,
        "PAQ_pairs_100k": 12,
        "quora_duplicates_triplets": 13,
        "S2ORC_title_abstract_100k": 14,
        "scifact": 15,
        "specter_train_triples": 16,
        "stackexchange_duplicate_questions_title-body_title-body": 17,
        "synthetic": 18,
        "t2ranking": 19,
        "trivia": 20,
        "wikihow": 21,
        "yahoo_answers_title_answer": 22
    },
    "domain_weights": {
        "amazon_review_2018_1m": 0.005844613153333174,
        "cMedQA2": 0.058408784417934824,
        "dureader": 0.050477636437713726,
        "eli5_question_answer": 0.009508902878718285,
        "fever": 0.05134287383417057,
        "fiqa": 0.003213371525074104,
        "gooaq_pairs": 0.04401505126156058,
        "hotpotqa": 0.02483963074129673,
        "msmarco": 0.2938990041596241,
        "nfcorpus": 0.0015108340109706363,
        "npr": 0.017369506307634102,
        "nq": 0.03436635970795877,
        "PAQ_pairs_100k": 0.02922280275881096,
        "quora_duplicates_triplets": 0.028349616680516904,
        "S2ORC_title_abstract_100k": 0.029222510527861064,
        "scifact": 0.00047107629123494503,
        "specter_train_triples": 0.019965510727954515,
        "stackexchange_duplicate_questions_title-body_title-body": 0.036604264322274656,
        "synthetic": 0.13138177491686664,
        "t2ranking": 0.05855197758338465,
        "trivia": 0.01764198244531863,
        "wikihow": 0.01878212149634415,
        "yahoo_answers_title_answer": 0.035009793813443324
    },
    "size": {
        "amazon_review_2018_1m": 999999,
        "cMedQA2": 99936,
        "dureader": 86366,
        "eli5_question_answer": 325390,
        "fever": 109808,
        "fiqa": 5498,
        "gooaq_pairs": 3012347,
        "hotpotqa": 85000,
        "msmarco": 502854,
        "nfcorpus": 2585,
        "npr": 594376,
        "nq": 58800,
        "PAQ_pairs_100k": 99999,
        "quora_duplicates_triplets": 97011,
        "S2ORC_title_abstract_100k": 99998,
        "scifact": 806,
        "specter_train_triples": 136642,
        "stackexchange_duplicate_questions_title-body_title-body": 250516,
        "synthetic": 224791,
        "t2ranking": 200362,
        "trivia": 60370,
        "wikihow": 128543,
        "yahoo_answers_title_answer": 1198018
    },
    "epoch": {
        "amazon_review_2018_1m": 0.01,
        "cMedQA2": 1,
        "dureader": 1,
        "eli5_question_answer": 0.05,
        "fever": 0.8,
        "fiqa": 1,
        "gooaq_pairs": 0.025,
        "hotpotqa": 0.5,
        "msmarco": 1,
        "nfcorpus": 1,
        "npr": 0.05,
        "nq": 1,
        "PAQ_pairs_100k": 0.5,
        "quora_duplicates_triplets": 0.5,
        "S2ORC_title_abstract_100k": 0.5,
        "scifact": 1,
        "specter_train_triples": 0.25,
        "stackexchange_duplicate_questions_title-body_title-body": 0.25,
        "synthetic": 1,
        "t2ranking": 0.5,
        "trivia": 0.5,
        "wikihow": 0.25,
        "yahoo_answers_title_answer": 0.05
    },
    "ref_length": 1710975
}